{"cameraMode":{"drawMode":0,"name":"Shaded","section":"Shading Mode"},"sceneLighting":false,"audioPlay":false,"sceneViewState":{"m_AlwaysRefresh":false,"showFog":true,"showSkybox":true,"showFlares":true,"showImageEffects":true,"showParticleSystems":true,"showVisualEffectGraphs":true,"m_FxEnabled":false},"in2DMode":false,"pivot":{"x":729.677001953125,"y":463.8813781738281,"z":-846.5859985351563},"rotation":{"x":-0.0002926778106484562,"y":-0.005332767963409424,"z":0.000057701225159689784,"w":-0.9998189806938171},"size":10.920249938964844,"orthographic":false}