{"cameraMode":{"drawMode":0,"name":"Shaded","section":"Shading Mode"},"sceneLighting":true,"audioPlay":false,"sceneViewState":{"m_AlwaysRefresh":false,"showFog":true,"showSkybox":true,"showFlares":true,"showImageEffects":true,"showParticleSystems":true,"showVisualEffectGraphs":true,"m_FxEnabled":false},"in2DMode":false,"pivot":{"x":641.0498657226563,"y":308.12030029296877,"z":631.9677124023438},"rotation":{"x":0.04228180646896362,"y":0.026876574382185937,"z":-0.0011347128311172128,"w":0.9987484216690064},"size":639.8934326171875,"orthographic":false}