{"cameraMode":{"drawMode":0,"name":"Shaded","section":"Shading Mode"},"sceneLighting":false,"audioPlay":false,"sceneViewState":{"m_AlwaysRefresh":false,"showFog":true,"showSkybox":false,"showFlares":true,"showImageEffects":true,"showParticleSystems":true,"showVisualEffectGraphs":true,"m_FxEnabled":true},"in2DMode":false,"pivot":{"x":-0.3076145648956299,"y":0.4518338441848755,"z":1.0084726810455323},"rotation":{"x":0.031833481043577197,"y":0.9575986862182617,"z":-0.26071423292160036,"w":0.11762227863073349},"size":1.6605421304702759,"orthographic":false}