{"cameraMode":{"drawMode":0,"name":"Shaded","section":"Shading Mode"},"sceneLighting":false,"audioPlay":false,"sceneViewState":{"m_AlwaysRefresh":false,"showFog":true,"showSkybox":false,"showFlares":true,"showImageEffects":true,"showParticleSystems":true,"showVisualEffectGraphs":true,"m_FxEnabled":true},"in2DMode":false,"pivot":{"x":0.8224300146102905,"y":0.8224299550056458,"z":0.8224299550056458},"rotation":{"x":0.23574213683605195,"y":0.2845665514469147,"z":-0.07269026339054108,"w":0.9262649416923523},"size":1.5890355110168458,"orthographic":false}