{
    "guid": "b724f624-3a31-461a-8204-7ac0210bcdff",
    "prettyName": "what",
    "description": "",
    "objects": [
        {
            "id": "Bitch",
            "type": 1,
            "gameObject": {
                "instanceID": -43398
            },
            "position": {
                "x": 10.0,
                "y": 11.0,
                "z": 3.0
            },
            "rotation": {
                "x": 0.4999999701976776,
                "y": 0.5000000596046448,
                "z": -0.5000000596046448,
                "w": 0.4999999701976776
            },
            "group_id": 0,
            "data": "JOINTS:1=2,;"
        },
        {
            "id": "",
            "type": 3,
            "gameObject": {
                "instanceID": -43444
            },
            "position": {
                "x": 15.70669174194336,
                "y": 1.0,
                "z": 4.93324089050293
            },
            "rotation": {
                "x": 0.0,
                "y": 0.0,
                "z": 0.0,
                "w": 1.0
            },
            "group_id": 1,
            "data": ""
        },
        {
            "id": "",
            "type": 7,
            "gameObject": {
                "instanceID": -43454
            },
            "position": {
                "x": 4.174219131469727,
                "y": 0.01400613784790039,
                "z": 2.876995086669922
            },
            "rotation": {
                "x": 0.0,
                "y": 0.0,
                "z": 0.0,
                "w": 1.0
            },
            "group_id": 0,
            "data": "JOINTS:0=0,;"
        }
    ]
}