{
    "guid": "301f6a22-23ed-4e0f-9275-2638370c7e9b",
    "prettyName": "breast",
    "description": "",
    "objects": [
        {
            "type": 4,
            "gameObject": {
                "instanceID": -26396
            },
            "position": {
                "x": 5.883724212646484,
                "y": 0.01400613784790039,
                "z": -15.194802284240723
            },
            "rotation": {
                "x": 0.0,
                "y": 0.7123316526412964,
                "z": 0.0,
                "w": 0.7018430233001709
            }
        },
        {
            "type": 5,
            "gameObject": {
                "instanceID": -26410
            },
            "position": {
                "x": -0.10195255279541016,
                "y": 0.01400613784790039,
                "z": -15.0860013961792
            },
            "rotation": {
                "x": 0.0,
                "y": 0.7071068286895752,
                "z": 0.0,
                "w": 0.7071068286895752
            }
        }
    ]
}